,image,MSE,PSNR,SSIM
0,he84022,477.1885579427083,21.211597084769412,0.6622214
1,he84023,219.15753173828125,25.185896801190154,0.6789357
2,he84024,235.61385091145834,24.37581374062351,0.678483
3,he84025,215.1256306966146,24.984905513402772,0.66854835
4,he84027,231.07930501302084,24.393305103777113,0.6728789
5,he84028,271.52248128255206,23.80453108810581,0.6699906
6,he84029,398.8356119791667,21.978589383181145,0.670896
7,he84053,111.96510823567708,27.30407386993538,0.70457953
8,he84054,69.24587504069011,29.837574443471347,0.6887669
9,he84063,352.8702799479167,22.620610955617956,0.69413286
10,he84064,291.65419514973956,23.395892031264445,0.6854069
11,he84065,247.7315673828125,24.4499522184848,0.6777974
12,he84066,152.2261759440104,26.453142580168425,0.68107456
13,he84067,126.34889729817708,27.127802970451906,0.6987493
14,he84068,151.72342936197916,26.37653306366049,0.71578354
15,he84071,370.0146891276042,22.557116648099324,0.6743191
16,he84092,210.57527669270834,24.793267314912537,0.6869736
17,he84093,111.69747924804688,28.253891234113734,0.7135572
18,he84094,256.2002766927083,24.140906630501547,0.7149682
19,he84095,162.6142781575521,26.152248083242725,0.68079305
20,he84096,49.239166259765625,31.50838898706916,0.68852276
21,he84104,267.1635335286458,23.68348874769837,0.7030917
22,he84105,407.1311442057292,22.05544579918401,0.68263125
23,he84106,254.41145833333334,24.24971713692451,0.69812983
24,he84107,180.6496785481771,25.847237992702876,0.67980736
25,he84108,165.92669677734375,25.934486661737708,0.674293
26,he84109,215.23309326171875,24.578485485336078,0.6888984
27,he84110,192.56486002604166,25.221198337194913,0.68524355
28,he84111,245.37361653645834,24.555342861662773,0.70388675
29,he84112,208.97705078125,25.254473740463915,0.69509053
30,he84113,371.464599609375,22.547736486271784,0.71024936
31,he84136,179.2171427408854,25.6130895643604,0.75116056
32,he84137,99.33327229817708,29.047506906935524,0.7237916
33,he84147,308.0743408203125,23.246964223642156,0.72238463
34,he84148,107.15615844726562,28.298572919009576,0.7045102
35,he84150,97.50963338216145,28.061221572139708,0.7039259
36,he84152,329.387451171875,23.02450969324226,0.69617194
37,he84153,383.2096354166667,22.354286004166724,0.6859949
38,he84154,318.9986979166667,23.29220938620505,0.66167516
39,he8415,449.9996337890625,21.588815440827904,0.34229895
40,he8416,317.30690511067706,23.388031700131215,0.5002124
41,he8417,353.6833089192708,22.86189830614291,0.58376473
42,he84189,151.01106770833334,26.679481973235077,0.6636707
43,he8418,340.2834065755208,22.900745850066514,0.5677476
44,he84192,93.29539998372395,28.633266278121194,0.7019376
45,he84193,195.51045735677084,25.262640339442246,0.65100485
46,he84194,331.29335530598956,23.069521671001972,0.6892707
47,he84195,272.8493245442708,23.704658277483908,0.68248725
48,he84196,266.71482340494794,24.01860759301662,0.682947
49,he8419,479.673095703125,21.161318566682574,0.5136995
50,he8420,321.82566324869794,23.183123284923745,0.6843939
51,he8421,273.36517333984375,23.877550046856115,0.666444
52,he84230,209.8089803059896,25.073279595055705,0.703656
53,he84231,365.1976725260417,22.324037614770155,0.697553
54,he84232,228.18623860677084,24.684312469006436,0.6537783
55,he84236,203.43245442708334,25.07192125472556,0.66870564
56,he84237,199.79435221354166,25.061666317727994,0.65498376
57,he84238,320.43701171875,23.1237783846801,0.6661346
58,he84271,174.8749796549479,25.38830768205072,0.70235926
59,he84272,183.19038899739584,25.63690148437371,0.7108844
60,he84273,436.1167399088542,21.827800434665143,0.71011525
61,he84274,141.1290283203125,27.18744684401747,0.72249174
62,he84279,212.15924072265625,24.75200082478863,0.6759259
63,he84280,220.96173095703125,24.439733779990938,0.6411447
64,he84313,151.3478800455729,26.35519423895483,0.63681966
65,he84315,381.4095865885417,22.077644949122224,0.6444242
66,he84316,293.38820393880206,23.330474380900196,0.65378916
67,he84317,251.045166015625,24.00167836364357,0.70730036
68,he84319,295.89967854817706,23.48247928513128,0.65540224
69,he84359,99.52218627929688,27.993101451640353,0.6991212
70,he84360,351.2522379557292,22.452490362563363,0.6625869
71,he8473,272.8507893880208,23.63337911294647,0.48652792
72,he8474,365.9495849609375,22.597445200158596,0.46234968
73,he8475,482.5968424479167,21.16685786332912,0.5039941
74,he8476,407.5575358072917,22.06907494992937,0.5418096
75,he8477,320.4355061848958,23.16572585216069,0.5880558
76,he8478,287.5403238932292,23.46704941068319,0.583049
77,he852,21.337753295898438,35.453370436110475,0.6644517
78,he8533,400.7018229166667,22.17022065218469,0.5290205
79,he8534,299.24151611328125,23.468148175362316,0.51548237
80,he8535,259.7397867838542,23.942716817498642,0.50404936
81,he856,104.12013753255208,27.782386688410014,0.7225353
82,he857,41.34275817871094,32.87723513634309,0.7145489
83,he858,127.61122639973958,27.22084113877717,0.65994483
84,he88732,136.4394327799479,26.63370577731749,0.64888936
85,he88733,186.25640869140625,25.531483402631654,0.5111126
86,he88734,110.70595296223958,27.96713526938586,0.56293565
87,he88735,180.76165771484375,25.616497929106025,0.62120515
88,he88752,288.1981608072917,23.351514312628403,0.76791984
89,he88753,251.98870849609375,23.821694191324802,0.7459293
90,he88754,229.6087849934896,24.740679361485928,0.7318223
91,he88755,257.5206298828125,24.115443072311233,0.72484225
92,he88756,192.93949381510416,25.00494840246375,0.75714153
93,he88761,209.6103719075521,24.86366248969423,0.7361667
94,he88762,35.005279541015625,32.55126739794572,0.7434449
95,he88764,173.52947998046875,25.701104411102325,0.7284259
96,he88765,210.2326456705729,24.94977649158812,0.7374765
97,he88766,176.59259033203125,25.995850180571157,0.76311284
98,he88767,87.92786661783855,28.508751871481458,0.7585771
99,he88768,58.79515075683594,30.221189943441402,0.75165206
100,he88769,29.88330586751302,33.82011067915526,0.7866938
101,he88785,192.78643798828125,25.28888636538335,0.55438596
102,he88786,157.15958658854166,26.267543223025083,0.6022331
103,he88787,151.11280314127603,26.534907453714645,0.600239
104,he88788,192.66984049479166,25.194651841144044,0.5615378
105,he88790,210.0870157877604,24.940176878632094,0.6100607
106,he887,17.575846354166668,36.20402149117714,0.74936146
107,he88806,227.2596435546875,24.324026492032417,0.725708
108,he88807,186.23797607421875,25.313646218128838,0.7354326
109,he88809,251.389404296875,24.038045364455826,0.73287916
110,he88816,33.74193827311198,33.530120104335516,0.72597224
111,he88817,157.83690388997397,25.989038275789305,0.72969294
112,he88822,59.12981669108073,30.268193448250088,0.67858076
113,he88823,31.945449829101562,33.069827998656216,0.7297826
114,he88824,35.917816162109375,32.57612581106268,0.78132683
115,he88830,182.0399169921875,25.41943645889775,0.6254744
116,he88831,224.91951497395834,24.697341927748266,0.69460446
117,he88838,174.14363606770834,25.493083105269385,0.5668151
118,he88841,187.4200236002604,25.14923790706543,0.6077077
119,he88842,150.141357421875,26.560470570740556,0.6344052
120,he88843,128.40738932291666,27.011316635296687,0.63946337
121,he88844,174.57145182291666,25.866436985190823,0.5707411
122,he88861,207.40130615234375,25.029713782597,0.7166963
123,he88862,149.5187784830729,26.358523702404085,0.71495944
124,he88870,91.22459920247395,28.577985399098726,0.7338474
125,he88871,107.79435221354167,27.851592948208854,0.7065444
126,he88872,22.013417561848957,34.841874987831744,0.7553949
127,he88875,30.133941650390625,33.47829146396043,0.718386
128,he88876,31.661427815755207,32.901685325092906,0.72655135
129,he88884,193.79976399739584,25.0053049348325,0.68447185
130,he88885,245.44144694010416,23.954059827958503,0.6646063
131,he88892,187.20145670572916,25.445254406053074,0.57353073
132,he88893,257.80218505859375,23.92361159950027,0.5421595
133,he88894,183.03271484375,25.428555472913736,0.6177915
134,he88898,169.7074991861979,25.854079628391414,0.53813297
135,he88899,199.1783447265625,24.97566800993529,0.58796877
136,he88924,40.619547526041664,32.29651837596091,0.7242603
137,he88925,93.42620849609375,28.6065714434481,0.7206661
138,he88930,44.671061197916664,31.393944121941644,0.7776882
139,he88931,22.48748270670573,34.335713689304285,0.7755466
140,he88942,302.32883707682294,23.18077218003236,0.5834526
141,he88943,241.00874837239584,24.478002275497875,0.50390404
142,he88944,274.9822591145833,23.74045517654094,0.57444084
143,he88945,290.680908203125,23.42252774274653,0.62927026
144,he88946,177.6374308268229,25.645141194041532,0.5598046
145,he88947,196.48807779947916,25.224635245954616,0.5748997
146,he88948,128.0743611653646,27.300179852374306,0.6054668
147,he88949,120.06722005208333,27.30069545923555,0.5975477
148,he88952,167.52568562825522,26.080920581521152,0.5751893
149,he88953,181.6392618815104,25.63251589136368,0.5422113
150,he88977,63.75079854329427,30.286161592427696,0.7334099
151,he88996,397.528076171875,22.071768480020616,0.5811367
152,he88997,236.639404296875,24.404688584074208,0.52301174
153,he89000,189.53597005208334,25.455416266022738,0.5269224
154,he89001,192.47489420572916,25.206039026465117,0.6389988
155,he89002,122.10809326171875,27.561583324875215,0.6067536
156,he89003,79.06566365559895,29.443176065790183,0.58972
157,he89005,165.24422200520834,26.042536068040615,0.598961
158,he89006,179.83341471354166,25.8770091164859,0.5374442
159,he89007,188.1151326497396,25.402049633794142,0.5469016
160,he89034,305.10711669921875,23.29717105608253,0.688077
161,he89050,428.786376953125,21.88707104834801,0.5735506
162,he89051,236.9188028971354,24.319723341148052,0.6188362
163,he89052,271.0905354817708,23.79287144581867,0.5640665
164,he89054,195.78792317708334,25.37573620973109,0.51208156
165,he89055,185.1275838216146,25.499972874759248,0.5682277
166,he89056,127.2242431640625,27.19112681504026,0.6332872
167,he89058,108.33280436197917,27.92528839450644,0.6396792
168,he89059,132.04227701822916,26.798799413870977,0.638443
169,he89060,160.85955810546875,26.15879121304962,0.575692
170,he89061,187.77520751953125,25.547705015527974,0.51668763
171,he89085,88.236083984375,28.421284402607405,0.7150588
172,he89090,143.36365763346353,26.45960928753649,0.69249564
173,he89104,291.32566324869794,23.50631910755384,0.5877146
174,he89105,229.0900675455729,24.534833933442314,0.66958064
175,he89107,137.79322306315103,26.766634753824867,0.45165217
176,he89108,145.28495279947916,26.643800469311213,0.49391866
177,he89109,153.4990030924479,26.301062386577875,0.46095958
178,he89110,141.7011515299479,26.635765298185838,0.53896475
179,he89111,116.38033040364583,27.56952499834891,0.61753345
180,he89112,148.25450642903647,26.44805809297935,0.5618892
181,he89113,170.46256510416666,25.784219369264218,0.5138008
182,he89115,152.0644327799479,26.194425731886707,0.56924504
183,he89116,239.54923502604166,24.368294927568126,0.5844484
184,he89138,95.123779296875,28.213005222787643,0.73852473
185,he89144,164.96822102864584,25.77948239154312,0.63460004
186,he89160,284.9370524088542,23.327204973102155,0.71935683
187,he89161,143.21600341796875,26.89230762756182,0.51871186
188,he89162,92.0889180501302,28.688525567213507,0.34983742
189,he89163,144.32842000325522,26.47772615884491,0.47772238
190,he89164,125.81203206380208,27.23460673074619,0.48371497
191,he89165,133.12600708007812,27.093396774309998,0.5596439
192,he89166,148.34565226236978,26.523284487231038,0.57937664
193,he89167,147.0184326171875,26.621098552879182,0.62520254
194,he89170,257.8634440104167,24.008511596132394,0.58870023
195,he89192,97.02349853515625,28.434679071730056,0.76288843
196,he89194,223.3290812174479,24.479875934797533,0.610454
197,he89196,263.6850992838542,23.67196496605171,0.6329408
198,he89197,319.0133056640625,23.107900497471583,0.58631235
199,he89198,208.8531697591146,25.127873278922372,0.59409755
200,he89215,97.70547485351562,28.615907930869234,0.7184574
201,he89216,188.82234700520834,25.187452441918982,0.59293157
202,he89217,134.4487508138021,26.807197464199884,0.48372516
203,he89218,172.8729248046875,25.718437636717454,0.46352687
204,he89219,158.36083984375,26.134360378167795,0.5235938
205,he89220,134.639404296875,26.83223100283287,0.43329036
206,he89221,162.57171630859375,26.040141148271367,0.47736335
207,he89222,116.28633626302083,27.328522925720733,0.560598
208,he89224,314.66835530598956,23.367719153243478,0.65050054
209,he89247,170.5316365559896,26.459671978202447,0.67184275
210,he89248,207.37455240885416,24.952345224915845,0.61015254
211,he89250,251.7571818033854,24.19747404854446,0.5761284
212,he89251,392.3028157552083,22.213391912560464,0.5058479
213,he89252,316.9922281901042,23.07331194221441,0.5722265
214,he89257,206.2110392252604,24.73594983139008,0.697915
215,he89269,70.27566019694011,29.439240500109957,0.7375624
216,he89271,58.02624003092448,30.055967606989086,0.681207
217,he89272,116.81294759114583,27.308427594745638,0.57065094
218,he89273,108.15622965494792,27.867556321380384,0.47065377
219,he89274,103.4379374186198,28.13238041248863,0.5058692
220,he89275,126.79561360677083,27.22700480046195,0.48572645
221,he89276,106.3992919921875,27.6753105497949,0.51749533
222,he89277,185.59615071614584,25.38969360022915,0.7428977
223,he89278,313.05784098307294,23.283693761092174,0.61310154
224,he89307,192.20145670572916,25.127550017305076,0.6575627
225,he89324,105.40206909179688,28.06209227701711,0.7220318
226,he89325,88.471435546875,28.917914376725946,0.7106328
227,he89326,32.429901123046875,33.128060390677234,0.7068789
228,he89327,80.17312113444011,28.933420060446142,0.6615899
229,he89328,86.96573893229167,28.79162451384207,0.50120515
230,he89329,171.19901529947916,25.789813391410274,0.42151296
231,he89330,132.2738037109375,27.145061824995942,0.58436996
232,he89331,270.2467447916667,23.70166788500379,0.7307126
233,he89332,253.8968505859375,23.930093766439164,0.6404634
234,he89351,236.32771809895834,24.325221787083613,0.71494144
235,he89357,194.30126953125,25.07867914156179,0.6536198
236,he89362,190.85843912760416,25.346329565994363,0.71573853
237,he89378,322.36627197265625,22.931237740055046,0.71061915
238,he89383,112.98480224609375,27.57925630975528,0.63484544
239,he89405,239.07792154947916,24.25643714852987,0.7094694
240,he89406,137.9640096028646,26.81458632732148,0.6610134
241,he89409,227.8545125325521,24.41979224835488,0.67895937
242,he89410,257.49949137369794,23.92762581807507,0.73691607
243,he89435,9.225758870442709,38.62292618253495,0.72772104
244,he89436,14.747100830078125,36.23241784666511,0.7524831
245,he89437,75.05126953125,29.01244542344045,0.74709034
246,he89457,93.82769775390625,28.454945606481434,0.60057014
247,he89458,45.82972208658854,32.41577808565833,0.68009824
248,he89459,91.85028076171875,28.266794078534872,0.6950497
249,he89460,148.86212158203125,26.37174205908987,0.63949186
250,he89461,53.0423838297526,31.07742095189127,0.6996495
251,he89464,284.90110270182294,23.721413151398238,0.72081614
252,he89469,306.1980794270833,23.32238190511424,0.723501
253,he89488,267.27496337890625,23.806037382754077,0.7148188
254,he89489,221.68853759765625,24.800074239806122,0.66508085
255,he89490,204.6995849609375,25.033220291005314,0.7277003
256,he89511,88.86566162109375,28.78215778752823,0.37952328
257,he89512,62.47448221842448,30.113158125020092,0.5715336
258,he89513,89.54669189453125,28.432212545351597,0.6922279
259,he89523,370.0157470703125,22.3628893741811,0.75750417
260,he89539,366.2178141276042,22.601622913147935,0.73978806
261,he89540,384.0020751953125,22.18306624424821,0.7391495
262,he89541,353.6451009114583,22.58451256358604,0.7345242
263,he89542,323.315185546875,22.953022984570293,0.7215347
264,he89543,366.2587890625,22.493154656386398,0.6967351
265,he89544,261.70220947265625,23.989580656756395,0.7520445
266,he89564,95.74078369140625,28.51340247072708,0.36184946
267,he89565,133.74287923177084,26.796796141805807,0.42476583
268,he89566,131.00732421875,26.86107574731023,0.48037982
269,he89570,87.097412109375,28.384849661911446,0.68522525
270,he89571,34.47978210449219,33.18471197656682,0.72522116
271,he89593,307.6051025390625,23.316965246604497,0.7468555
272,he89594,344.6949462890625,22.74453891916796,0.74255854
273,he89595,258.5409342447917,24.218026267443385,0.7324009
274,he89596,249.51261393229166,24.160612879218633,0.72281903
275,he89597,168.12909952799478,25.89715106116659,0.71141106
276,he89598,268.0149332682292,23.751723794297423,0.71389246
277,he895,127.28397623697917,26.90751266462463,0.6870896
278,he89616,109.30277506510417,27.467469270845854,0.45237884
279,he89617,123.26438395182292,27.42616388123406,0.35544923
280,he89618,168.58615112304688,25.71452435928102,0.41295627
281,he89619,169.4663289388021,25.795557838686477,0.51452225
282,he89620,173.81477864583334,25.79100026120274,0.5607798
283,he89621,72.75537618001302,29.67869869016715,0.72224593
284,he89624,97.95127360026042,28.262261409248314,0.6960657
285,he89626,12.440155029296875,37.103394417295654,0.7603144
286,he89627,117.8626708984375,27.30622620805958,0.7438758
287,he89647,351.8311767578125,22.640718198916492,0.78577495
288,he89648,291.0257568359375,23.462289798893078,0.74177283
289,he89649,297.5636800130208,23.32349154708933,0.71716213
290,he89650,225.24763997395834,24.647603426042537,0.7292641
291,he89651,241.27303059895834,24.383565934610438,0.7094455
292,he89652,311.7396240234375,23.32495164226374,0.7385163
293,he89653,231.3712158203125,24.627873772366303,0.6986223
294,he89672,148.9520263671875,26.42299467914457,0.4844667
295,he89673,172.70159912109375,25.651043239850885,0.6570651
296,he89674,126.53342692057292,27.33079848186735,0.6807048
297,he89677,167.7483113606771,25.59654211671073,0.7209828
298,he89678,114.76515706380208,27.479852374764214,0.7253051
299,he89680,105.07506306966145,27.76816233171359,0.7224574
300,he896,217.2396036783854,24.806849927525416,0.617194
301,he89701,369.0614827473958,22.46945415429236,0.75059766
302,he89702,299.26308186848956,23.34414452518711,0.76665133
303,he89703,272.66204833984375,23.656107446832372,0.7287995
304,he89704,84.94013977050781,29.447085141806483,0.7287201
305,he89705,240.45792643229166,24.388203243180484,0.71812767
306,he89706,323.8405354817708,23.290799391560995,0.7206397
307,he89707,374.0179443359375,22.380113565038734,0.71775126
308,he89726,151.19734700520834,26.039499941896217,0.51316863
309,he89727,163.5818888346354,26.143787759199686,0.4836155
310,he89728,233.55950927734375,24.36312576968243,0.6656833
311,he89729,159.4742228190104,26.06498963481977,0.67835885
312,he89730,219.2603759765625,24.763976021211448,0.70661545
313,he89731,215.48555501302084,24.779899213402015,0.69095516
314,he89732,204.3533935546875,24.968122313062064,0.6781602
315,he89733,53.36845906575521,31.767419836897606,0.7742104
316,he89756,270.94736735026044,24.063874009163875,0.73325914
317,he89757,242.2501424153646,24.629950552278114,0.7327659
318,he89758,229.6400146484375,24.708563489851283,0.7246373
319,he89759,279.41015625,23.712785862587253,0.73899263
320,he89760,347.7214762369792,22.631543327909235,0.75575215
321,he89761,174.5291544596354,26.21316216843227,0.7148264
322,he89762,160.91348266601562,26.106278566539935,0.6627379
323,he89781,167.4701944986979,25.802180861110347,0.53110474
324,he89782,193.12520345052084,25.168744034406522,0.68563867
325,he89783,136.82963053385416,26.557184720544594,0.6948044
326,he89784,188.9248250325521,25.50432466950749,0.70780164
327,he897,106.68406168619792,28.00077529713232,0.63779926
328,he89809,229.47049967447916,24.485145091231427,0.7010507
329,he89810,221.9373982747396,24.56731136609823,0.73113054
330,he89811,289.6241048177083,23.488957991433384,0.7370949
331,he89812,208.46063232421875,25.419529811855362,0.72584087
332,he89813,217.01692708333334,25.33372119569544,0.7325588
333,he89814,322.0091959635417,23.325628833801666,0.7511578
334,he89815,231.2599894205729,24.50815106447949,0.7565444
335,he89816,141.30880737304688,26.205639854445092,0.7241788
336,he89838,81.81886291503906,29.475354979373098,0.71136093
337,he89839,148.74933878580728,26.679618611247736,0.6714589
338,he89863,34.28529357910156,33.013837630971075,0.7184667
339,he89866,120.42801920572917,27.47478071134752,0.7458647
340,he89867,186.1695353190104,25.400262896085536,0.7500164
341,he89868,212.15376790364584,25.09699781107625,0.7772107
342,he89869,310.75111897786456,23.036708360347575,0.70811176
343,he89919,256.2857259114583,23.850901443303503,0.73787516
344,he89920,75.5525410970052,30.186283270310717,0.69922954
345,he89921,30.495580037434895,35.31704720326149,0.7840483
346,he89923,205.239990234375,24.65290227265477,0.74037987
347,he89974,290.2251790364583,23.65076531623138,0.7626078
348,he89975,260.6746419270833,24.00347187295178,0.744204
349,he89976,386.731689453125,22.188481650021505,0.7581387
350,he90026,282.72776285807294,23.682895221809513,0.7447831
351,he90027,303.7926839192708,23.335615304954377,0.73771924
352,he90028,318.98876953125,23.029520167155376,0.72979635
353,he90029,365.1459554036458,22.469668308742907,0.74614954
354,he90030,222.80879720052084,24.74068695132109,0.730773
355,he90031,327.2038167317708,22.82787623647479,0.682337
356,he90080,167.6980183919271,26.25343677011925,0.7553975
357,he90081,247.15667724609375,24.205970741050457,0.71407866
358,he90082,251.550048828125,24.560289398222046,0.75277156
359,he90083,200.9988810221354,25.78749703024952,0.75138694
360,he90084,218.72151692708334,24.961602837653146,0.7365089
361,he90085,194.96500651041666,24.985879043052947,0.7149829
362,he90134,55.28077189127604,30.793208365434204,0.77019596
363,he90135,358.5231526692708,22.438255000420032,0.7388684
364,he90136,246.54292805989584,24.158656652405746,0.7348196
365,he90137,310.7179768880208,23.027193039862546,0.7604385
366,he925,35.0900624593099,32.66234786612486,0.69248563
367,he928,42.35022481282552,31.839497839890313,0.7402695
368,he933,27.199498494466145,35.026255170428016,0.7634118
369,he934,61.91033935546875,30.585063056796994,0.67845505
370,he94048,200.41646321614584,25.084479058553192,0.5516326
371,he94049,281.7796223958333,23.761254531697134,0.5695333
372,he94072,323.8826904296875,22.836365416000106,0.6195033
373,he94076,311.6544189453125,23.332035598279944,0.5000913
374,he94077,384.8770345052083,22.349431899852586,0.5086865
375,he94078,298.53538004557294,23.44820630362883,0.47694242
376,he94100,294.5181477864583,23.316479679518743,0.5675135
377,he94101,461.5595703125,21.327789650945963,0.56183636
378,he94102,328.3265787760417,23.220435876430297,0.61549956
379,he94103,405.7869466145833,22.10419535070767,0.48019972
380,he94104,317.0260009765625,23.21290615248257,0.5296715
381,he94105,143.6667683919271,26.810466377981395,0.56726646
382,he94106,167.29728190104166,25.77912184125894,0.6645653
383,he94127,424.5208333333333,21.675118466024536,0.5618077
384,he94128,426.5517171223958,21.839422346006614,0.5027671
385,he94129,388.3566487630208,22.394973319324087,0.54130983
386,he94130,310.0818277994792,23.231145898710093,0.5698841
387,he94132,143.6593221028646,26.43012343689753,0.4672154
388,he94133,89.5485127766927,28.412100710892293,0.58793014
389,he94134,153.92578125,25.970123207703445,0.6919443
390,he94155,457.0815836588542,21.609364301412306,0.5851682
391,he94156,528.7565511067709,20.89977443376329,0.53912395
392,he94157,329.524658203125,22.973721381150483,0.60486376
393,he94158,237.4128621419271,24.19080767367159,0.5964119
394,he94159,182.23199462890625,25.291039299913432,0.61252517
395,he94160,170.56412760416666,25.823155725914294,0.5895407
396,he94183,203.992919921875,25.211441169182166,0.54920393
397,he94184,262.05482991536456,24.03676621703479,0.59669346
398,he94185,170.0638427734375,25.907698622692156,0.64694697
399,he94186,161.703857421875,26.001640127993642,0.6185145
400,he94187,180.9183349609375,25.600826748461877,0.56979483
401,he94188,125.31229654947917,27.248044555054612,0.4154406
402,he94210,50.59559631347656,31.233844532130277,0.7340644
403,he94211,84.62519836425781,29.04251497724241,0.7002015
404,he94214,115.03863525390625,28.115328128101925,0.67074186
405,he94215,170.32889811197916,25.751122542272963,0.47880206
406,he94216,175.1566162109375,25.441171838533595,0.6929896
407,he94235,226.62969970703125,24.427268352607317,0.7017922
408,he94236,109.3743184407552,27.496664338208543,0.7333236
409,he94237,79.80960591634114,29.00275803725309,0.72530764
410,he94238,37.24103291829427,33.2015549940807,0.7495906
411,he94239,47.125213623046875,31.76627597200016,0.7301476
412,he94240,69.99419657389323,29.792385350041894,0.63498574
413,he94241,170.06641642252603,25.885183024997467,0.59168404
414,he94242,186.40922037760416,25.567821703996962,0.61326724
415,he94264,31.699447631835938,33.473596226286176,0.7428159
416,he94265,52.77965799967448,31.158707193363355,0.68829054
417,he94266,38.941365559895836,32.04083336756968,0.7179105
418,he94268,40.84551493326823,32.65666393717509,0.639334
419,he94269,108.1746826171875,27.892077797340626,0.7085574
420,he94270,188.02813720703125,25.12144012095231,0.6966479
421,he94292,61.49391174316406,30.18181582582788,0.63581175
422,he94293,43.12043762207031,31.647466345383855,0.71272403
423,he94294,66.70537821451823,29.89308783370803,0.6164829
424,he94295,76.58278401692708,28.993415110300646,0.677197
425,he94296,79.47313435872395,28.862494933165948,0.70733386
426,he94318,35.88385518391927,33.88187258266656,0.80997133
427,he94319,159.1451212565104,25.862501712428653,0.5443019
428,he94320,60.68567911783854,30.39821524876931,0.5809204
429,he94321,79.94504292805989,28.994850056550415,0.60430604
430,he94322,77.73276265462239,28.98618010209134,0.61271316
431,he94323,47.33452860514323,31.661858924740503,0.6919453
432,he94345,86.9796142578125,28.99612371583258,0.6935375
433,he94346,102.03531901041667,28.06198530461531,0.6704559
434,he94347,105.29203287760417,27.993112044632223,0.48380646
435,he94349,58.95158386230469,30.327682743763653,0.5172646
436,he94350,134.37664794921875,26.817837789418732,0.6680858
437,he94368,570.4043375651041,20.19483283331896,0.66347307
438,he94373,81.54463195800781,29.136244775468498,0.7143876
439,he94374,107.80208333333333,28.19440933379067,0.6190225
440,he94375,62.945292154947914,30.17016263311074,0.63995486
441,he94376,44.38788350423177,31.915574673447203,0.575717
442,he94399,129.69017537434897,27.392347217666906,0.7169973
443,he94400,469.2421061197917,21.027087454497316,0.6634624
444,he94401,114.61006673177083,27.503792251941128,0.67670757
445,he94426,171.03751627604166,25.48374883985129,0.6970518
446,he94448,312.3663736979167,23.081676042115586,0.63254386
447,he94475,508.60693359375,20.88892774322034,0.662023
448,he94476,123.4951680501302,27.674317458399994,0.7301871
449,he94480,317.14453125,23.054872948508233,0.6709406
450,he94503,444.3923746744792,21.327077444479823,0.69267184
451,he94504,95.05780029296875,28.560150419598145,0.7195382
452,he94505,94.01249186197917,29.523515028590637,0.73287535
453,he94528,140.08983357747397,26.59385028032891,0.6628217
454,he94529,231.35616048177084,24.649433103149605,0.6615205
455,he94531,148.6496785481771,26.356151985494254,0.69337815
456,he94532,228.0143025716146,24.52420464767137,0.69800836
457,he94533,281.12978108723956,23.576919778268888,0.72405785
458,he94557,203.1983642578125,25.193282975959296,0.7055542
459,he94558,58.41120402018229,31.156095726864457,0.7307356
460,he94560,131.80550130208334,26.892510921818914,0.7828106
461,he94583,196.21561686197916,24.84800046449365,0.72495174
462,he94584,198.2911173502604,25.28424029909454,0.71472555
463,he94585,109.95676676432292,27.84637183295558,0.7560263
464,he94587,276.98948160807294,23.79043388888036,0.69733906
465,he94640,185.2750244140625,25.132344655578002,0.7230931
466,he94666,143.73029581705728,26.30229403027359,0.6201491
467,he94691,133.28064982096353,27.136703442813737,0.7223379
468,he94692,267.6514892578125,23.48885558500669,0.7045879
469,he95035,245.5744832356771,24.098803776531938,0.63387823
470,he95060,330.9076741536458,22.66435106942509,0.6574908
471,he95082,111.72896321614583,27.682917956484943,0.6998215
472,he95083,190.8589070638021,25.721286253555952,0.65158314
473,he95129,275.58286539713544,24.30545031839887,0.6950366
474,he95130,227.6334228515625,24.774600189852727,0.67071867
475,he95152,466.2823893229167,21.276912569171948,0.68513274
476,he95179,415.3558756510417,21.94048205083891,0.66404754
477,he95200,316.38232421875,22.917810281635944,0.6351281
478,he95202,49.65576171875,32.23212946550392,0.7743605
479,he95203,351.9374186197917,22.574050246752684,0.6470976
480,he95225,322.9169921875,22.72546095344666,0.67418313
481,he95226,255.35628255208334,24.05660771436386,0.6900701
482,he95227,315.3318277994792,23.279410541258237,0.6862223
483,he95228,151.38631184895834,26.0614616444275,0.6692333
484,he95251,413.0844319661458,21.919721281067822,0.64395994
485,he95252,171.7820027669271,26.578184294860115,0.7339061
486,he95294,163.8954060872396,26.246298707110185,0.68763876
487,he95314,87.43442789713542,28.399122548006275,0.58062
488,he95315,41.245941162109375,32.27191896582085,0.71171707
489,he95316,98.07045491536458,27.776811925827353,0.6731283
490,he95317,417.5352783203125,21.67594586754295,0.66459686
491,he95318,134.698974609375,27.874586805196184,0.73561937
492,he95319,114.05663045247395,27.66141718655629,0.67411596
493,he95338,64.98317464192708,30.151573666130616,0.4000598
494,he95339,137.198974609375,26.666805691054094,0.5092216
495,he95340,171.3956502278646,25.834000102679493,0.5913153
496,he95341,80.17301940917969,29.688010769164492,0.70937556
497,he95360,141.75977579752603,26.20447146333527,0.7224062
498,he95361,137.9114786783854,26.7405750440069,0.61856884
499,he95362,70.63226318359375,29.788193217743334,0.4864936
500,he95363,54.42413838704427,30.72945904378749,0.5330449
501,he95364,266.0778401692708,23.59886361268223,0.48879603
502,he95365,132.59944661458334,26.9055275942131,0.5438905
503,he95366,201.1482137044271,24.962857764838674,0.7360964
504,he95385,41.99060567220052,32.096371575953526,0.6139035
505,he95386,82.88723754882812,28.934959323313333,0.64233524
506,he95387,65.57086181640625,30.493021161115934,0.66827565
507,he95388,62.5248057047526,30.344799348259738,0.48969543
508,he95389,85.02004496256511,28.931306406627357,0.66868025
509,he95390,44.743754069010414,32.498966511561036,0.74496084
510,he95408,236.1083984375,24.0882758273883,0.5969076
511,he95409,62.40490214029948,30.75037091887536,0.5510213
512,he95410,65.85591125488281,30.238032970569513,0.53593034
513,he95411,66.83351643880208,29.78755023832001,0.6382525
514,he95412,74.17493184407552,29.307770739448475,0.5989506
515,he95413,60.53776550292969,30.213568895130095,0.67628
516,he95432,169.7444864908854,25.89968960800639,0.59248304
517,he95433,128.7772216796875,27.187998307572073,0.435407
518,he95434,60.26386515299479,30.686136528173172,0.50502586
519,he95436,56.27176411946615,30.72987707363843,0.62498474
520,he95437,41.4543711344401,31.920707800568188,0.6651204
521,he95438,17.047897338867188,35.975383400524755,0.72650594
522,he95441,217.65214029947916,24.991283513703433,0.648032
523,he95456,178.7675984700521,25.54404736409915,0.5257966
524,he95457,192.13203938802084,25.205047988179086,0.47713402
525,he95458,180.7425333658854,25.62863901372439,0.4178859
526,he95459,83.99133809407552,29.197659736526028,0.5031716
527,he95460,62.88994344075521,30.624368378256477,0.64911014
528,he95461,64.62155151367188,29.91331289839586,0.6396115
529,he95462,80.33554585774739,29.642927058774426,0.7139902
530,he95463,80.22172037760417,28.988896713050615,0.69289273
531,he95480,161.4598388671875,26.22134770314441,0.48453975
532,he95481,146.18375651041666,26.493743726924723,0.51915544
533,he95483,118.4664815266927,27.50765539236605,0.61007816
534,he95484,158.1474609375,26.073099226570932,0.5409088
535,he95485,82.1680908203125,29.262923057057133,0.60294074
536,he95487,151.75276692708334,26.207560918338885,0.62796754
537,he95504,197.26057942708334,25.135156025999287,0.5184912
538,he95505,133.5396931966146,27.180000413421553,0.45207855
539,he95506,160.95024617513022,25.964248745570675,0.57765216
540,he95507,202.29667154947916,25.395178164260134,0.5738332
541,he95508,251.6932373046875,24.08799943667249,0.5657204
542,he95509,210.97794596354166,25.195924713432476,0.5575793
543,he95510,144.14755249023438,26.68513563945398,0.611924
544,he95528,302.9656982421875,23.076446540532125,0.59637797
545,he95529,116.2941182454427,27.67686194506851,0.63086075
546,he95530,208.44866943359375,24.918689415147412,0.50145584
547,he95531,218.34370930989584,24.954532442628686,0.56310207
548,he95532,188.0187784830729,25.66388743943683,0.6014479
549,he95533,462.7218424479167,21.378790184919833,0.49847016
550,he95534,404.7591552734375,22.364694869403344,0.53955823
551,he95553,141.10978190104166,26.658499831878274,0.6082957
552,he95554,108.62953694661458,28.159912778749163,0.4702892
553,he95556,258.38525390625,24.11950893775206,0.56721526
554,he95557,315.24049886067706,23.268978148446728,0.50246257
555,he95558,335.5782063802083,23.158979124617673,0.49152043
556,he95559,349.1832682291667,22.73931258408794,0.5542188
557,he95578,294.6187337239583,23.554006865729345,0.51885444
558,he95579,318.12493896484375,23.015225491180487,0.4679294
559,he95580,412.6542561848958,21.950809699328136,0.43695533
560,he95581,294.69765218098956,23.7567370588362,0.6027139
561,he95582,403.0530192057292,21.997175455858585,0.53320724
562,he95583,353.177490234375,22.502368583298388,0.5367256
563,he95602,353.4505615234375,22.865551781995237,0.48206758
564,he95603,345.3155924479167,22.807610815944933,0.5341195
565,he95604,274.78277587890625,23.835874167422368,0.5098484
566,he95608,349.8547770182292,22.472436710524054,0.58504695
567,he95628,333.31874593098956,22.87290469743543,0.5651341
568,he95629,234.2609659830729,24.51131447431468,0.5579533
569,he95906,226.81290690104166,24.479652939827936,0.5604653
570,he95907,271.8832194010417,23.51329346884553,0.48898444
571,he95926,243.41259765625,24.367770267997688,0.57378894
572,he95927,281.22955322265625,23.495879432814597,0.46276256
573,he95928,236.12137858072916,24.391534248529723,0.5654474
574,he95929,139.3626708984375,27.13355383514671,0.5185353
575,he95930,118.26420084635417,27.37911737772839,0.6357098
576,he95931,315.1776123046875,23.03280810562611,0.6133791
577,he95946,277.7315673828125,23.83893377827637,0.46084407
578,he95947,295.77301025390625,23.451873621412112,0.5690846
579,he95948,303.1522216796875,23.350804414833128,0.56800467
580,he95949,260.2245279947917,24.015058120130153,0.49559388
581,he95950,204.5009969075521,24.95499649122103,0.6411036
582,he95951,123.88238525390625,27.12882173249401,0.49540308
583,he95952,71.63511657714844,29.419296798106785,0.62973446
584,he95968,267.84128824869794,23.758267542643743,0.6199143
585,he95969,288.49070231119794,23.5048342149623,0.5611175
586,he95970,273.7742106119792,23.747259209208572,0.5265506
587,he95971,154.69945271809897,26.51622700322292,0.56339866
588,he95972,169.47945149739584,25.87398559900015,0.5651874
589,he95973,172.3743693033854,25.747269285859264,0.5452153
590,he95974,147.65887451171875,26.344991396359966,0.53703445
591,he95975,106.23978678385417,28.085346521345475,0.568668
592,he95992,262.835205078125,23.95542024576389,0.5381612
593,he95993,204.861083984375,25.07605888028489,0.5766218
594,he95996,97.14890543619792,28.125286982937418,0.580825
595,he95997,169.26497395833334,25.962479387837632,0.55974656
596,he96014,107.32877604166667,28.234584975508803,0.58596826
597,he96015,123.09389241536458,27.186086884338426,0.6017862
598,he96019,181.18965657552084,25.690919703217144,0.44804844
599,he96020,139.9333292643229,26.477055021690717,0.6167219
600,he96036,137.89542643229166,26.859328859790384,0.66842633
601,he96037,64.78072102864583,29.777252740960407,0.64619666
602,he96038,58.72628275553385,30.628681899893703,0.62464976
603,he96039,65.45823160807292,29.926777476600094,0.6136119
604,he96040,169.76338704427084,25.65604989427004,0.56571835
605,he96041,181.79972330729166,25.69310118395218,0.58952737
606,he96042,103.8651123046875,28.38692283067306,0.62682307
607,he96057,90.69793701171875,28.418717836877082,0.6231873
608,he96059,36.68952433268229,32.29800325268166,0.6498006
609,he96060,70.54660542805989,29.34824867607789,0.5903585
610,he96061,42.500101725260414,31.991274372757278,0.5352169
611,he96062,58.495361328125,30.536637448481166,0.48583546
612,he96063,100.61002604166667,28.012356849956653,0.5597505
613,he96064,176.71856689453125,25.463311267608788,0.6723747
614,he96080,30.58257548014323,33.31024431347168,0.6480749
615,he96081,33.43218994140625,33.0458932568407,0.6713748
616,he96082,53.2396240234375,30.74274535390304,0.68553394
617,he96083,61.126688639322914,29.974204843696445,0.6102522
618,he96084,45.25743611653646,31.807843895843067,0.547002
619,he96085,158.19697062174478,25.93031399156633,0.6696014
620,he96086,253.6806437174479,24.067119396745795,0.66411424
621,he96103,39.67058817545573,32.11703633621797,0.6535679
622,he96104,62.86384073893229,30.01690576954232,0.5783426
623,he96105,79.1583964029948,29.285872568699617,0.5599761
624,he96106,80.263427734375,29.160262791236057,0.5363002
625,he96107,47.06415303548177,31.75326730979661,0.6686676
626,he96108,62.48651631673177,30.5332533918642,0.6489571
627,he96125,84.94954427083333,28.476525098104425,0.6153002
628,he96126,101.28802490234375,28.09622609659904,0.51915014
629,he96127,83.91591898600261,29.119841870792435,0.43280974
630,he96128,92.49432373046875,28.323595623432784,0.42277804
631,he96129,88.22715250651042,28.811866432681043,0.56539196
632,he96130,157.86384073893228,26.115718454408686,0.6738538
633,he96147,81.04074605305989,28.885095930963814,0.5949134
634,he96148,144.04603068033853,26.509350217712363,0.51831627
635,he96149,244.78279622395834,24.189886006802865,0.46545348
636,he96150,109.17484537760417,27.96918013378644,0.34220514
637,he96151,89.0239969889323,28.470212382501362,0.33230257
638,he96168,85.02901204427083,28.74946681356495,0.6759691
639,he96170,111.79844156901042,27.41011775996067,0.5993033
640,he96171,165.88818359375,25.91102314971057,0.52906317
641,he96172,165.45506795247397,25.8815765715558,0.48527542
642,he96173,65.02634175618489,30.16573370138702,0.5076911
643,he96186,120.37483723958333,27.50555497168737,0.7682107
644,he96191,162.88885498046875,26.36947575801479,0.70008343
645,he96192,135.99703979492188,26.610173864190116,0.6918917
646,he96212,97.32566324869792,28.02489051861473,0.6709459
647,he96213,150.4277140299479,26.389817971451507,0.68629473
648,he9624,243.65572102864584,24.13516616078814,0.68166
649,he96252,103.70052083333333,28.0959006831053,0.6784536
650,he96257,156.6867879231771,25.968390524576947,0.72936136
651,he9625,137.1406046549479,26.765437870638777,0.6420393
652,he96274,102.406982421875,28.321748075861404,0.6363674
653,he96275,55.13463846842448,30.66509382478592,0.6899596
654,he9627,196.3665771484375,25.33087711647695,0.7076878
655,he9628,142.51507568359375,27.181611969099727,0.7358218
656,he96296,101.15525309244792,28.03924218107477,0.7303
657,he96298,69.61984252929688,29.412334344764083,0.6843597
658,he96300,107.7728271484375,27.67232569557855,0.7824196
659,he96319,126.45371500651042,27.13857110188954,0.7744439
660,he96342,45.922383626302086,31.642397256101944,0.7515008
661,he96363,69.13939921061198,29.90365405327905,0.7646558
662,he96364,57.7608642578125,30.376629441748438,0.71440643
663,he96365,58.451619466145836,30.354258528186016,0.6220773
664,he96366,111.9791768391927,27.523408024405683,0.7467625
665,he96384,75.61653137207031,29.205264999315897,0.73537683
666,he96387,59.264302571614586,30.433268953402496,0.7717599
667,he96388,78.01134745279948,29.03421979093389,0.72017175
668,he96409,73.50270080566406,29.54525467695333,0.7309923
669,he96452,74.84348551432292,29.632567967927223,0.7015114
670,he9674,180.8309326171875,25.511641629008352,0.7044408
671,he9675,231.545654296875,24.395505388426542,0.7055717
672,he9676,190.60921223958334,25.47863671994338,0.65857625
673,he9678,266.93308512369794,24.10871024937899,0.6897785
674,he9679,295.42628987630206,23.37202970419027,0.64799803
675,he9681,88.71445719401042,28.55909456757526,0.58718383
676,he96997,569.6003011067709,20.374482721236667,0.66747284
677,he96998,526.7186279296875,20.886429772327723,0.6723361
678,he96999,413.8423665364583,22.0696775987617,0.5852911
679,he97000,365.6555582682292,22.478972440388535,0.6929485
680,he97062,477.6903076171875,21.32477118412949,0.690902
681,he97063,509.2239583333333,21.11134956726059,0.6753296
682,he97064,542.9239095052084,20.760282874948842,0.6612114
683,he97065,427.8056640625,21.873043436607794,0.7059126
684,he97066,562.1082763671875,20.723989304705306,0.6863877
685,he97067,490.749267578125,21.33293129420817,0.7085294
686,he97068,377.8568115234375,22.41799266452994,0.7183507
687,he97129,585.1776529947916,20.450369343220846,0.6880854
688,he97130,523.4053955078125,21.069466248993237,0.6985244
689,he97131,566.7600911458334,20.612335086214294,0.6868194
690,he97132,404.4003092447917,22.094022716340163,0.76033926
691,he97133,422.3687337239583,22.036556440981112,0.7271879
692,he97134,379.0498860677083,22.498895759650523,0.7298379
693,he97135,287.82305908203125,23.556419708550788,0.74968356
694,he97198,318.7491861979167,23.53959288870236,0.7360013
695,he97199,385.3184814453125,22.520673557862764,0.828679
696,he97200,389.7427978515625,22.175740139361263,0.7742939
697,he97201,256.366455078125,24.083536255823006,0.7700489
698,he9724,62.61651611328125,30.12119008725663,0.72471553
699,he9725,111.62791951497395,27.5261330998905,0.75208974
700,he9726,188.19258626302084,25.198498565244734,0.701406
701,he9727,181.57491048177084,25.397694886907942,0.68771964
702,he9728,122.48221842447917,27.271692392861155,0.7043912
703,he9729,130.98403930664062,26.944626748694084,0.69777673
704,he9730,145.31343587239584,26.73057717358241,0.7021062
705,he9731,333.47747802734375,22.666400484485976,0.6415836
706,he9732,259.08477783203125,23.92502440675824,0.6761549
707,he9733,138.64404296875,26.75856496427177,0.52784914
708,he97674,777.72900390625,19.229921574893616,0.63561374
709,he97675,689.6268717447916,19.819442734188453,0.694454
710,he97676,725.739013671875,19.584567562233904,0.68972355
711,he97741,519.8304443359375,21.165239606019078,0.65625113
712,he97742,587.0806477864584,20.47195664558053,0.68473953
713,he97743,434.6641031901042,21.81449718923181,0.69557047
714,he9774,156.34475708007812,26.08932132361906,0.73639256
715,he9775,51.97564188639323,31.034773687305055,0.68725437
716,he9776,158.5067342122396,25.75258976146535,0.7320676
717,he9777,148.41766357421875,26.475800427372057,0.714268
718,he9778,155.488037109375,26.121739808487632,0.7084754
719,he97799,655.2919108072916,19.841862885008766,0.6758768
720,he9779,98.91405232747395,27.804057122057962,0.73308593
721,he97800,541.1739908854166,20.647523887622583,0.68721837
722,he97806,306.83042399088544,23.169525788101577,0.79342407
723,he97807,336.9056803385417,22.979642906693805,0.71913046
724,he97808,749.8853352864584,19.36159238423732,0.65671545
725,he97809,559.78759765625,20.70363713877526,0.66819906
726,he9780,43.92639668782552,32.03733094422349,0.7101547
727,he97810,438.546142578125,21.632085575993493,0.6970982
728,he9781,221.36771647135416,24.961088575615538,0.7150664
729,he9782,198.01171875,25.37753784270235,0.7168977
730,he9783,220.15152994791666,24.98784957468894,0.71114665
731,he97865,416.8092041015625,21.87490206693816,0.71524906
732,he97866,453.5449625651042,21.744215821252585,0.68030596
733,he97867,416.258056640625,22.17904934444709,0.6752596
734,he97868,530.3477783203125,20.975300173119113,0.69652206
735,he97875,686.3561197916666,19.78370774010042,0.6575504
736,he97876,465.743408203125,21.447206962317722,0.71406525
737,he97931,340.1624755859375,22.76194130621144,0.7328534
738,he97932,405.5304361979167,22.206235374413353,0.7480648
739,he97933,438.7074788411458,21.850458055278487,0.69200516
740,he97934,464.2596842447917,21.5248055730913,0.6937302
741,he97935,644.322265625,20.083033090920786,0.70294577
742,he97938,310.1810302734375,22.94265427264975,0.746371
743,he97939,303.0101725260417,23.741284777908778,0.75601697
744,he97946,161.10910034179688,25.93060586017596,0.48438445
745,he97947,279.6075846354167,23.415695279035003,0.55525213
746,he97948,495.7146809895833,21.04485253425426,0.55591625
747,he97949,544.5649820963541,20.500040961317545,0.48504916
748,he97950,239.70463053385416,24.231625008495076,0.3413813
749,he97998,573.0614827473959,20.57779556715362,0.7570434
750,he97999,399.6416015625,22.228751660467402,0.7331838
751,he98000,492.1923014322917,21.29087242778921,0.6631684
752,he98001,339.96099853515625,22.8870611075252,0.71002823
753,he98002,491.3560384114583,21.300063212885853,0.7004941
754,he98004,376.6456705729167,22.110880013802834,0.70262724
755,he98005,472.0889485677083,21.40994487750126,0.6936486
756,he98006,695.5729166666666,19.768752735309686,0.69568723
757,he98013,174.42683919270834,25.711298633716243,0.4359235
758,he98014,184.0748087565104,25.419239110961186,0.35543963
759,he98015,258.7312825520833,24.05222251984728,0.40689242
760,he98016,410.5310872395833,21.85538085722945,0.44006386
761,he98017,239.48433430989584,24.376555729627775,0.30519766
762,he98018,276.2884114583333,23.589982298937755,0.38601685
763,he98038,319.51682535807294,23.24619115489544,0.71960515
764,he98039,479.824951171875,21.437595638334237,0.6948228
765,he98040,515.0472819010416,21.081991005309675,0.6749484
766,he98041,516.9361165364584,21.00115306883188,0.6986794
767,he98064,362.1471354166667,22.619224874188298,0.7528263
768,he98065,561.150634765625,20.74820827109687,0.76120573
769,he98066,426.9585367838542,21.881992119867775,0.7178965
770,he98067,515.6541341145834,21.007060415967985,0.62930673
771,he98068,346.27685546875,22.858932069216138,0.70844096
772,he98070,230.513671875,24.54187689209715,0.76280093
773,he98071,491.163818359375,21.230787197400765,0.71770066
774,he98072,549.536376953125,20.762715629260093,0.70225734
775,he98073,543.4783935546875,20.930882114091993,0.6945782
776,he98074,604.4059244791666,20.37250933468416,0.7396067
777,he98080,186.55548095703125,25.45998408124771,0.41640273
778,he98081,160.03180948893228,26.13122928998937,0.32116115
779,he98082,161.8102823893229,26.050588203582844,0.25699094
780,he98083,181.55562337239584,25.46799220810676,0.2593842
781,he98084,153.3101806640625,26.330485755577474,0.2717347
782,he98085,292.6563313802083,23.32563453230145,0.3845531
783,he98105,493.9564615885417,21.375181572357,0.72501165
784,he98106,579.790283203125,20.537547556267835,0.71359617
785,he98107,602.694580078125,20.320419740064093,0.6759984
786,he98108,531.2793782552084,20.954577969608156,0.67894095
787,he98130,248.13566080729166,24.29808815627333,0.75809026
788,he98131,359.4809163411458,22.639558114998984,0.7600696
789,he98132,465.7147623697917,21.555198794100015,0.7383273
790,he98133,412.2559407552083,22.073292292143627,0.70697397
791,he98134,469.1885172526042,21.446447886194065,0.6559914
792,he98135,391.874755859375,22.317813143205466,0.6988519
793,he98137,393.8792724609375,22.17324055857789,0.7226715
794,he98138,455.306396484375,21.762254975005447,0.72058076
795,he98139,454.1055908203125,21.646087360239914,0.71408683
796,he98140,310.5620524088542,23.188290092416942,0.7330937
797,he98146,169.17269897460938,25.877153859706908,0.42850128
798,he98147,173.0293172200521,25.940480251837535,0.30199003
799,he98148,122.64061482747395,27.39701060717939,0.29616752
800,he98149,145.1045939127604,26.402117171768765,0.29091528
801,he98150,154.50822957356772,26.233686474295197,0.2865928
802,he98151,123.32063802083333,27.219009484312167,0.27202427
803,he98152,124.43516031901042,27.247835004070588,0.26342884
804,he98153,371.1478678385417,22.278608108471577,0.5602762
805,he98168,281.658447265625,23.886389074906052,0.7469035
806,he98169,601.2738850911459,20.239894048782837,0.7659874
807,he98170,745.4200846354166,19.39455901592868,0.7532954
808,he98171,651.950439453125,20.155408995558144,0.73084354
809,he98172,597.622802734375,20.55002954437128,0.6896155
810,he98173,544.6031901041666,20.880907332314127,0.70864844
811,he98174,512.7798258463541,21.072192314813613,0.67379683
812,he98175,468.494140625,21.49274799144282,0.689308
813,he98176,213.6392618815104,24.99349622714281,0.71071094
814,he98198,369.1545817057292,22.395528104879023,0.7633238
815,he98200,402.6761474609375,22.151128918168418,0.71919507
816,he98201,420.8551432291667,22.124783261192587,0.6920419
817,he98202,366.7504069010417,22.513632663903124,0.7382695
818,he98204,373.0743001302083,22.484217721528204,0.7492047
819,he98205,474.0215250651042,21.402827965958167,0.73224276
820,he98213,173.84261067708334,26.329057021817903,0.3629004
821,he98214,162.22612508138022,26.06447240118233,0.2860146
822,he98215,145.3333740234375,26.58292052253399,0.27271417
823,he98216,137.8187052408854,26.812799329313272,0.26711336
824,he98217,158.77783203125,26.119451369295522,0.2974581
825,he98218,110.19863891601562,27.73737690004389,0.3044552
826,he98219,126.88199869791667,27.06734988377903,0.29435173
827,he98220,436.7157389322917,21.642193842069304,0.58267117
828,he98235,579.7308349609375,20.428866765558663,0.71778816
829,he98236,699.9337565104166,19.761228521283595,0.6773414
830,he98237,622.2869059244791,20.37304413070972,0.6791265
831,he98238,547.2427571614584,20.771119302543614,0.7034414
832,he98239,527.7306315104166,20.84310094841603,0.74823356
833,he98240,498.2703043619792,21.224324054176886,0.67430276
834,he98241,519.4601236979166,20.920950198661693,0.67040634
835,he98242,476.4115397135417,21.381623706028442,0.69955033
836,he98243,493.1620279947917,21.26303233423911,0.7024675
837,he9825,391.6947428385417,22.012140086609033,0.6430903
838,he98265,356.87939453125,22.85925962624748,0.7713163
839,he98266,424.4815673828125,21.92246652088435,0.7214168
840,he98267,358.0416666666667,22.592724568840637,0.72632504
841,he98268,503.3517252604167,21.21074637129182,0.6973026
842,he98269,313.4561360677083,23.317758018729762,0.76146203
843,he9826,79.68835957845052,29.497247310571133,0.69269323
844,he98270,350.7001139322917,22.638461953890264,0.7189782
845,he98272,291.689208984375,23.193765812068467,0.72058153
846,he98276,330.13336181640625,22.726140554577327,0.70841193
847,he98277,367.9393717447917,22.234104702268525,0.71527004
848,he9827,121.70424397786458,26.92740087484868,0.69163793
849,he98280,117.023681640625,27.65345189215755,0.34282684
850,he98281,162.7984619140625,26.413290518182407,0.2855419
851,he98282,180.98343912760416,25.57232882356237,0.25216195
852,he98283,205.7528076171875,25.03979848810808,0.31718042
853,he98284,193.7573445638021,25.127660866113956,0.29050145
854,he98285,121.68515014648438,27.52518794825025,0.3141799
855,he98286,164.2841796875,26.034616614316832,0.28494418
856,he98287,284.9080810546875,24.001221011790644,0.48349643
857,he9828,204.95353190104166,24.8666717322589,0.6788244
858,he9829,156.97838338216147,26.013408866216693,0.7201781
859,he98301,759.8109537760416,19.44724836181419,0.66997266
860,he98302,596.2271728515625,20.437240878141925,0.6775263
861,he98303,471.3815511067708,21.44502934687153,0.68787736
862,he98304,593.8531901041666,20.379420559047325,0.6856837
863,he98305,577.7674560546875,20.5511341178517,0.7451919
864,he98306,530.4385986328125,20.98444033986162,0.7538158
865,he98307,531.6516520182291,20.988341222844284,0.728764
866,he98308,499.87646484375,21.196698969439964,0.6776876
867,he98309,455.8535563151042,21.587594344171176,0.7061782
868,he98310,564.99609375,20.507592195415235,0.7220652
869,he98311,480.6473795572917,21.438244455372008,0.7287531
870,he98312,331.4501953125,22.943014295351585,0.7326276
871,he9831,78.16699727376302,29.81001428928696,0.7491649
872,he9832,198.3909708658854,25.416548832775465,0.6921893
873,he98330,395.2460123697917,22.117228156744396,0.7540384
874,he98332,363.7251790364583,22.612837107435357,0.73861575
875,he98333,449.9187418619792,21.610777894949184,0.7010954
876,he98334,324.7716471354167,23.076432881751604,0.7247518
877,he98335,443.1936848958333,21.701541719250837,0.71012044
878,he98336,327.23642985026044,23.16608794966152,0.7525716
879,he98337,487.6317952473958,21.341297734382824,0.71907854
880,he9833,202.2122802734375,25.122631710005226,0.69693464
881,he98347,169.63726806640625,25.892746113053462,0.59310883
882,he98348,209.0656941731771,24.62800600100644,0.45966458
883,he98349,185.7680867513021,25.48232790272212,0.37372264
884,he9834,219.00494384765625,24.935976744700167,0.6994807
885,he98350,198.4494425455729,25.294683011725937,0.3364226
886,he98351,215.3131103515625,24.62658985525936,0.32072923
887,he98352,140.99664306640625,26.56913107411553,0.37272975
888,he98353,196.0730183919271,25.211522712664937,0.3097871
889,he98354,248.49078369140625,24.4779705545877,0.38265395
890,he98368,486.7730305989583,21.389768778575537,0.71242017
891,he98369,575.7727864583334,20.54651454868629,0.68544143
892,he98370,537.8168131510416,20.884016681940004,0.6584656
893,he98371,552.3800455729166,20.8579308162695,0.6979429
894,he98372,591.1359456380209,20.540078384952608,0.75540334
895,he98373,562.1969401041666,20.71721179671073,0.706934
896,he98374,475.80517578125,21.403119648980624,0.67815304
897,he98375,508.3306070963542,21.153154818598058,0.6733791
898,he98377,451.9024251302083,21.587961283477064,0.7141598
899,he98378,613.1434733072916,20.24366602816611,0.72284514
900,he98379,361.1370442708333,22.53847307911633,0.73886824
901,he98397,240.6948038736979,24.494644221215633,0.731533
902,he98399,325.760986328125,23.062360693511327,0.71033007
903,he98400,446.0404459635417,21.643962189290498,0.69090754
904,he98401,331.834716796875,23.024700692383796,0.7353349
905,he98402,471.8897298177083,21.465868602027825,0.7116398
906,he98403,378.8056640625,22.53007166542487,0.75488645
907,he98404,428.1711018880208,21.862806211851375,0.72481626
908,he98415,211.67572021484375,24.899148428260297,0.688531
909,he98416,41.90113321940104,32.08945180387198,0.6672966
910,he98417,115.06850179036458,27.807583893721855,0.55761033
911,he98418,186.0684814453125,25.425423272391416,0.41150168
912,he98419,250.86759440104166,24.15188147364269,0.39301738
913,he98420,285.9493408203125,23.764394392167564,0.39693913
914,he98421,328.1278889973958,23.05869126017923,0.38286865
915,he98422,548.6190999348959,20.532878348401656,0.534839
916,he98436,602.1252848307291,20.30088269555691,0.67464226
917,he98437,478.25927734375,21.365459633241155,0.66116434
918,he98438,536.3773193359375,20.894969818393434,0.67660713
919,he98439,556.9288736979166,20.75545346706656,0.7230683
920,he98440,570.5994873046875,20.607845045132738,0.6903313
921,he98441,495.5813395182292,21.348152080353913,0.70026803
922,he98442,533.5577392578125,20.872430249318207,0.682326
923,he98443,529.1819254557291,20.947826177624044,0.68614966
924,he98444,583.635986328125,20.59728822764476,0.6849554
925,he98445,607.8080647786459,20.27034335099348,0.7021613
926,he98446,453.2110188802083,21.408518193852135,0.7492826
927,he98466,424.6551513671875,21.83202657481141,0.6981368
928,he98467,494.783935546875,21.247751651765668,0.6991399
929,he98468,402.8607177734375,22.134206929810112,0.71392876
930,he98469,452.5772298177083,21.606288291682354,0.7051198
931,he98470,270.70823160807294,23.968920829006272,0.77686787
932,he98482,673.8866373697916,19.766306051484374,0.66766065
933,he98483,272.8192952473958,23.778478702021232,0.69822806
934,he98484,165.4900105794271,26.57154428549704,0.70962054
935,he98485,121.64335123697917,28.11601623982486,0.67537254
936,he98486,185.53692626953125,25.7579486120701,0.59191173
937,he98487,394.1973876953125,22.621036556475957,0.4155495
938,he98488,190.1156005859375,25.4905700440613,0.34758535
939,he98489,259.35646565755206,24.220852125704035,0.44490346
940,he98504,527.1294352213541,20.822637946720835,0.6950577
941,he98505,619.7465006510416,20.177551017405424,0.6671577
942,he98506,425.8053385416667,21.852365743883816,0.7108207
943,he98507,611.6212565104166,20.2050256208097,0.6716122
944,he98508,544.2987060546875,20.817660494430147,0.707726
945,he98509,638.5692952473959,20.15962799919144,0.7167366
946,he98510,671.3774820963541,19.8306293245326,0.7379904
947,he98511,629.1159261067709,20.28282952172409,0.7289261
948,he98512,503.7623697916667,21.05773803817047,0.73277634
949,he98548,488.0282796223958,21.24101259778044,0.64961195
950,he98549,630.5602620442709,20.065278302011006,0.6280133
951,he98550,516.557861328125,21.013790707322254,0.65453595
952,he98551,602.0097249348959,20.390902506659508,0.67390996
953,he98552,644.1015625,20.03334683370295,0.665859
954,he98553,391.3348388671875,22.027870035223405,0.7075358
955,he98554,148.3513387044271,27.570063987336447,0.6931343
956,he98555,164.4705607096354,26.02057545454198,0.51809096
957,he98556,296.79860432942706,23.39125333841819,0.34711298
958,he98575,462.112060546875,21.537269484203133,0.74927884
959,he98576,662.6881917317709,19.831400565099116,0.76686436
960,he98614,493.560791015625,21.057381288079085,0.6232963
961,he98615,840.813720703125,18.79129598333676,0.646905
962,he98616,602.5345052083334,20.486810502308522,0.6401358
963,he98617,728.3601888020834,19.467805076655754,0.65235823
964,he98618,692.207763671875,19.75706190898424,0.6376962
965,he98619,563.8258870442709,20.56576298204621,0.67101145
966,he98620,331.2041829427083,23.149702143212615,0.74606156
967,he98621,714.5386555989584,19.609846314324425,0.70357347
968,he98622,432.9038492838542,21.60383777986525,0.74483705
969,he98623,234.1484578450521,24.415164763536215,0.45984706
970,he98632,254.04351806640625,24.300809129864234,0.6781911
971,he98633,300.7123209635417,23.532489768950228,0.70886
972,he98634,376.8873697916667,22.15079478800054,0.71515656
973,he98637,376.2778727213542,22.292234883391995,0.70107573
974,he98681,390.5594889322917,22.16755469070291,0.6121058
975,he98682,515.8355712890625,21.212170696554704,0.7065952
976,he98683,626.2840576171875,20.193447839758033,0.6534423
977,he98684,449.1974283854167,21.575179001303756,0.67911273
978,he98685,302.71840413411456,23.709299039055534,0.7127526
979,he98686,369.6638590494792,22.67471499096402,0.7440718
980,he98687,604.0646158854166,20.284926232804537,0.70823026
981,he98688,779.4457194010416,19.231846529300675,0.679786
982,he98689,453.9990234375,21.61353612542201,0.7295194
983,he98690,359.83740234375,22.793773058697184,0.6664898
984,he98698,230.2138468424479,24.51311210108944,0.5107632
985,he98699,488.5056966145833,21.49425322437681,0.6268465
986,he98700,643.3976236979166,20.107214735309057,0.68139213
987,he98701,768.731201171875,19.222332521007772,0.68999714
988,he98748,359.640625,22.61928597168348,0.65428907
989,he98749,527.5162353515625,20.998262425364025,0.7126875
990,he98750,599.8229573567709,20.33942660546178,0.6934865
991,he98751,133.0673624674479,27.768843300921024,0.7193467
992,he98752,492.0131429036458,21.20862973926705,0.7428284
993,he98753,636.2076416015625,20.111439854736144,0.7098379
994,he98754,586.1287841796875,20.61620960542385,0.70860386
995,he98755,755.023681640625,19.42060224751943,0.6622115
996,he98756,550.1275634765625,20.813129667962524,0.7031376
997,he98757,554.2802327473959,20.77197234902284,0.6835454
998,he98764,450.4695638020833,21.511703198112556,0.7293136
999,he98766,355.27197265625,22.677860828521474,0.69046474
1000,he98767,639.2188720703125,20.115496608351894,0.6917496
1001,he98768,698.4439290364584,19.71866360793429,0.6921053
1002,he9876,197.50077311197916,25.186494566923496,0.67913765
1003,he98771,372.7910970052083,22.696775134547256,0.7608199
1004,he98772,332.4898274739583,23.162630876034402,0.70690244
1005,he98774,470.1774088541667,21.360597751250513,0.6936533
1006,he98775,591.3267415364584,20.24874691250151,0.6610388
1007,he9877,221.48763020833334,24.78352665356355,0.67989755
1008,he9878,120.2493896484375,27.45277380164737,0.6984324
1009,he98816,579.7310384114584,20.641854031227215,0.67676336
1010,he98817,675.6781412760416,19.899248926379553,0.61156565
1011,he98818,514.4734293619791,20.964312818102556,0.7178189
1012,he98819,99.84299723307292,29.13643857207679,0.7558457
1013,he9881,48.75074768066406,31.97397196433789,0.71576303
1014,he98820,248.8204142252604,24.169418036860023,0.7378022
1015,he98822,731.6653645833334,19.59288418647231,0.707061
1016,he98823,647.2063395182291,20.077460863514464,0.70443326
1017,he98824,664.0702311197916,19.94938992457286,0.7344062
1018,he9882,143.05244954427084,26.70910704482319,0.7003924
1019,he98831,748.864013671875,19.176687753360934,0.7324541
1020,he98832,219.423828125,25.263426478264606,0.68109035
1021,he98834,585.1619466145834,20.556662129991196,0.71352464
1022,he98835,278.03192138671875,23.845596032015166,0.7373031
1023,he9883,225.93377685546875,24.631106984826488,0.70058924
1024,he98840,620.8531494140625,20.22902828671755,0.6869717
1025,he98841,515.9157307942709,21.236831532927166,0.69076556
1026,he98842,770.359375,19.33415771295436,0.7088103
1027,he98843,569.512939453125,20.510498993063425,0.78103775
1028,he9884,216.15596516927084,24.82561500299356,0.700252
1029,he9885,154.82160441080728,25.984775288035344,0.698714
1030,he98877,424.2340087890625,21.90828381710807,0.7975126
1031,he98878,439.9473063151042,21.71501474712666,0.73937625
1032,he98883,648.9517415364584,20.08735202917821,0.55214804
1033,he98884,481.6824137369792,21.389907723612772,0.551077
1034,he98885,559.5843098958334,20.662287905339515,0.64612526
1035,he98886,482.3585611979167,21.252868977665816,0.6766567
1036,he98887,262.97540283203125,23.987075618474734,0.6412214
1037,he98888,388.0348714192708,22.338391058745273,0.6452596
1038,he98889,629.6669514973959,20.284704676894748,0.62892246
1039,he98890,681.8872884114584,19.818434733574644,0.68071467
1040,he98891,687.4436848958334,19.957615745161796,0.6662807
1041,he98898,180.70064290364584,25.60079529097331,0.7671654
1042,he98899,434.8270263671875,21.715977172977542,0.6950259
1043,he98900,647.8272298177084,19.989113588706992,0.7041984
1044,he98901,649.1623128255209,20.166115189250768,0.7422535
1045,he98902,454.0541178385417,21.56831801695575,0.70665675
1046,he98903,302.32977294921875,23.353822061590893,0.7308
1047,he98904,600.8574625651041,20.296979962137307,0.6849232
1048,he98907,432.4535319010417,21.860448136833025,0.658172
1049,he98908,516.7443033854166,21.070119180478024,0.67345303
1050,he98909,583.8144124348959,20.571836489053382,0.676143
1051,he98910,466.7461751302083,21.81448573661089,0.74647945
1052,he98944,622.3736979166666,20.17995567084781,0.743912
1053,he98945,470.7266031901042,21.36897161803731,0.6993985
1054,he98950,655.3288167317709,19.9265767649039,0.47954047
1055,he98951,559.6661783854166,20.764929998312574,0.53308994
1056,he98952,576.5555013020834,20.620544653464844,0.6283273
1057,he98953,426.9414876302083,21.997289092896914,0.6529296
1058,he98954,536.9406331380209,20.819088792606316,0.66064507
1059,he98955,660.9053548177084,19.9121626293018,0.6914015
1060,he98956,568.0818684895834,20.705683942581846,0.6550462
1061,he98957,519.2268880208334,20.962274763071072,0.659192
1062,he98958,618.0908203125,20.26610864451175,0.66934305
1063,he98965,368.3008626302083,22.54578661905598,0.76828414
1064,he98966,634.1780192057291,20.16630155132031,0.71892506
1065,he98967,636.2472330729166,20.174042213789956,0.6593964
1066,he98968,557.2305501302084,20.68932499231351,0.6853523
1067,he98969,543.5018717447916,20.979004390798703,0.714441
1068,he98970,261.8147379557292,24.524838101242064,0.69156694
1069,he98975,514.1501871744791,20.926352773278264,0.66850024
1070,he98976,591.0664876302084,20.416454915720305,0.6531572
1071,he98977,527.6444091796875,21.003695325241534,0.7088174
1072,he98978,468.010986328125,21.34504692198362,0.72483325
1073,he99012,586.1168212890625,20.548772606662205,0.70235234
1074,he99018,527.3218180338541,21.097732099206553,0.5453219
1075,he99019,493.5546061197917,21.22776750527432,0.6185744
1076,he99020,632.2379557291666,20.13925233312655,0.73535395
1077,he99021,714.5646158854166,19.590176976833767,0.6513634
1078,he99022,540.3513997395834,20.88028672792545,0.6941082
1079,he99023,476.0983479817708,21.702355770550277,0.6874847
1080,he99024,438.3630777994792,21.76206444734563,0.66262716
1081,he99025,586.9079996744791,20.458737941690345,0.64136374
1082,he99033,624.1470540364584,20.151863570353118,0.73945886
1083,he99034,530.04541015625,20.735495898581835,0.6899927
1084,he99035,441.0110677083333,21.56227767946222,0.7065537
1085,he99036,226.23429361979166,24.977864763732015,0.6496673
1086,he99037,344.9713134765625,23.00488489303178,0.6653511
1087,he99038,495.9541015625,21.21536614934965,0.6770434
1088,he99042,413.5638020833333,22.086364360732972,0.69283605
1089,he99043,741.2517903645834,19.446202567914913,0.7053539
1090,he99045,510.308349609375,20.97679710120099,0.7327054
1091,he99061,651.0555826822916,19.955368189681792,0.71267587
1092,he99062,492.9179280598958,21.427511992512372,0.71043175
1093,he99084,658.80419921875,19.948238923594836,0.54131
1094,he99085,629.2537841796875,20.25201723185822,0.65278286
1095,he99086,560.4522705078125,20.567086162009787,0.6856625
1096,he99087,457.8153483072917,21.650661239281504,0.6315066
1097,he99088,594.8047281901041,20.426810950263125,0.7318956
1098,he99090,617.7666422526041,20.320942453763145,0.684983
1099,he99091,569.9992268880209,20.599970660689017,0.69193476
1100,he99092,625.1274007161459,20.105752556727158,0.6751539
1101,he99101,529.5647786458334,20.922504628483228,0.7072833
1102,he99102,392.6929931640625,22.11180834199848,0.71750146
1103,he99104,536.9654541015625,20.845471099526588,0.67939407
1104,he99105,577.2460123697916,20.6214420031475,0.6737028
1105,he99106,567.009765625,20.6137424925984,0.70713687
1106,he99107,301.35341389973956,23.586246804320893,0.7199351
1107,he99127,498.2356363932292,21.302109353968845,0.7363904
1108,he99128,809.4590657552084,19.259329596172503,0.69909686
1109,he99129,562.0607503255209,20.654752212608646,0.70441484
1110,he99130,443.1945393880208,21.779465031533462,0.73012716
1111,he99131,450.047607421875,21.80225858171173,0.69298595
1112,he99151,562.5681966145834,20.79464865122318,0.69080764
1113,he99152,665.3298746744791,19.916747938829435,0.7284933
1114,he99153,566.9665934244791,20.71728151980927,0.74452186
1115,he99154,432.8441975911458,21.804932706141734,0.6329091
1116,he99155,471.0232340494792,21.469337259615997,0.6772074
1117,he99156,406.1536865234375,22.05172594588028,0.64572006
1118,he99157,577.5276285807291,20.5605605576839,0.7128792
1119,he99158,430.96337890625,21.938956026604743,0.751478
1120,he99159,598.6696370442709,20.280767307377676,0.678871
1121,he99168,684.5711263020834,19.733533089801934,0.6915861
1122,he99169,526.331298828125,21.077599168660267,0.6674946
1123,he99171,484.37109375,21.192149149646934,0.71143174
1124,he99172,567.1600748697916,20.60336292020128,0.6865187
1125,he99173,733.4842936197916,19.47916143409634,0.71630996
1126,he99174,595.8663736979166,20.27788202523791,0.77056223
1127,he99175,566.828125,20.414184777355864,0.70025015
1128,he99195,884.8430989583334,18.602488236332263,0.73334265
1129,he99196,603.065673828125,20.419044977204198,0.742024
1130,he99197,643.0254720052084,20.081415789915916,0.7205313
1131,he99198,584.5501302083334,20.448838497746205,0.70362467
1132,he99218,562.7958984375,20.766018155161472,0.6087728
1133,he99219,617.7770589192709,20.387201502166757,0.70547646
1134,he99220,656.9728190104166,20.047245498716606,0.6983153
1135,he99221,477.9427083333333,21.411776004927837,0.61844575
1136,he99222,428.7439778645833,21.9007298476582,0.58686733
1137,he99223,444.9238688151042,21.617423251550683,0.54213405
1138,he99224,610.6057942708334,20.326280279022026,0.5706422
1139,he99225,617.6683756510416,20.28832062845822,0.73655695
1140,he99226,617.144775390625,20.061190026567616,0.584597
1141,he99235,653.9034830729166,19.992592855994364,0.70719075
1142,he99236,618.5417887369791,20.36254725972948,0.6296932
1143,he99237,500.6736653645833,21.129075351347858,0.6982363
1144,he99262,781.53662109375,19.217439146742493,0.7074196
1145,he99263,646.9459635416666,20.005603457110148,0.7312601
1146,he99264,648.1747233072916,20.111339895967035,0.70511174
1147,he99265,472.0900472005208,21.57167690585325,0.7492614
1148,he99266,462.078369140625,21.350356469665034,0.72605044
1149,he9926,247.91302490234375,24.166321406726343,0.68490934
1150,he99276,240.40869140625,24.194016578541785,0.7491159
1151,he99277,342.0880533854167,22.778106621682426,0.73543197
1152,he99284,420.7300618489583,21.824013295193545,0.6853071
1153,he99285,630.69482421875,20.25376632803312,0.62524575
1154,he99286,601.791259765625,20.400422516025955,0.6726354
1155,he99287,473.7056477864583,21.550304867363526,0.5270354
1156,he99288,474.2206217447917,21.391190157552657,0.58094555
1157,he99289,442.5163167317708,21.809997087900523,0.5865634
1158,he9928,251.785400390625,24.28364764833679,0.66950613
1159,he99290,617.4389241536459,20.28362404653229,0.5033898
1160,he99291,827.6963704427084,18.992770468528924,0.4935297
1161,he99292,734.056640625,19.593764318833447,0.50186056
1162,he9929,178.60302734375,25.373213211851215,0.7226036
1163,he99303,733.22998046875,19.405629571945674,0.68576765
1164,he99304,611.285400390625,20.185604896778358,0.7376525
1165,he9930,169.07938639322916,25.934123800655637,0.7124377
1166,he9931,118.36474609375,27.305662540873623,0.7580895
1167,he99328,554.1273600260416,20.700016721397432,0.7012033
1168,he99329,586.2508951822916,20.556949907078806,0.6664687
1169,he9932,107.5391133626302,27.887953789787765,0.6952503
1170,he99330,542.3367513020834,20.820525931822278,0.7029445
1171,he99331,572.4069417317709,20.76052764319355,0.71130234
1172,he99332,385.781982421875,22.561091779988594,0.763992
1173,he99333,395.642822265625,22.187933126449778,0.7071572
1174,he9933,194.46931966145834,25.057017279909616,0.6833151
1175,he99343,268.852294921875,23.825944800535158,0.75521183
1176,he99344,632.514404296875,20.177692430757528,0.6658366
1177,he9934,212.28511555989584,24.697639510863777,0.7011195
1178,he99351,628.5513509114584,20.147412976737385,0.7108311
1179,he99352,614.871337890625,20.394711131578553,0.73613644
1180,he99353,688.0275065104166,19.79308579272345,0.7081327
1181,he99354,583.5320638020834,20.59209277455608,0.6363502
1182,he99355,607.6500244140625,20.34642705948286,0.51121134
1183,he99356,683.5377604166666,19.799722525362085,0.5134143
1184,he99357,803.077880859375,19.07077773293945,0.49886346
1185,he99358,950.2230631510416,18.30954196312141,0.4654111
1186,he99359,524.0985514322916,20.945835376000332,0.54851645
1187,he9935,162.49407958984375,26.38566714201058,0.70954436
1188,he99395,355.9402669270833,22.638178321885395,0.73715633
1189,he99396,629.8540852864584,20.109152671502354,0.6728408
1190,he99397,469.9954833984375,21.414984877819855,0.7023218
1191,he99418,523.2419026692709,20.955173219303667,0.7107379
1192,he99419,691.765625,19.81310536987588,0.6731
1193,he99420,705.2955729166666,19.775884649139535,0.67598885
1194,he99421,621.8403727213541,20.146934771362794,0.64192945
1195,he99422,477.6147054036458,21.13400093216986,0.5276676
1196,he99423,572.1205647786459,20.566098731561215,0.5179776
1197,he99424,736.1322428385416,19.51106196434101,0.46369973
1198,he99425,782.9793294270834,19.183723101140725,0.4632462
1199,he99448,305.07448323567706,22.899591288735493,0.73559475
1200,he99463,404.0768229166667,22.059051281406386,0.7559734
1201,he99464,335.10675048828125,22.951894663333732,0.7428201
1202,he99467,347.2194010416667,22.79872137004316,0.7003045
1203,he99478,382.6002197265625,22.111668466931707,0.69639796
1204,he99486,683.0652669270834,19.87136175376381,0.7048197
1205,he99487,501.275634765625,21.154585903597308,0.7071045
1206,he99491,430.2356363932292,21.79659590100533,0.4985943
1207,he99492,410.149658203125,21.97842769701827,0.5377956
1208,he99516,520.5199788411459,21.055685045950124,0.7580586
1209,he99517,479.0021158854167,21.439127581283962,0.7509501
1210,he99530,322.33197021484375,22.920160166415975,0.70900065
1211,he99533,301.6312255859375,23.468711705814584,0.711898
1212,he99534,549.2706705729166,20.88782585843304,0.6766281
1213,he99535,381.0504150390625,22.227283972215655,0.6938928
1214,he99584,277.70745849609375,23.649041316440883,0.74518704
1215,he99598,245.59891764322916,24.20486873256813,0.7271971
1216,he99599,312.43003336588544,23.29383001018163,0.6964126
1217,he99600,304.0052083333333,23.484554420719338,0.72521085
1218,he99601,415.0182698567708,22.025074595146442,0.6679327
1219,he99602,283.73069254557294,23.547146765495185,0.7129369
1220,he99664,479.681640625,21.281747596934082,0.693731
1221,he99665,424.5069173177083,21.942511314739825,0.7127829
1222,he99666,484.2589111328125,21.443097193935703,0.6803135
1223,he99667,464.7847900390625,21.607738071653905,0.73864126
1224,he99668,571.4219970703125,20.65901158129883,0.7005329
1225,he99669,469.1974690755208,21.391018040103976,0.6932814
1226,he99699,178.72017415364584,25.654559094744318,0.34675577
1227,he99732,469.1234130859375,21.49900174778489,0.6662848
1228,he99733,551.7857666015625,20.745266725953073,0.6486389
1229,he99734,424.6109212239583,22.030926244202487,0.7403826
1230,he99735,633.115234375,20.097392923776436,0.69077414
1231,he99736,459.792724609375,21.685036371985255,0.6947949
1232,he99759,168.41634114583334,25.42173927758929,0.7340053
1233,he99762,208.7066853841146,24.791994699397755,0.59238005
1234,he99763,135.3995157877604,26.88831741347768,0.55053777
1235,he99764,173.55489095052084,25.555786955557625,0.5074588
1236,he99765,236.25492350260416,24.247287576826825,0.42876205
1237,he99766,205.02762858072916,25.034363878116732,0.3274478
1238,he99767,328.52622477213544,22.77410240519081,0.49878228
1239,he9976,181.3092244466146,25.388970625876652,0.708766
1240,he9977,231.62361653645834,24.427161585539295,0.68898803
1241,he9978,177.3021036783854,25.60304007713284,0.689878
1242,he99798,390.9222005208333,21.952816634112907,0.7008977
1243,he99799,449.8860677083333,21.74660028184322,0.67952204
1244,he9979,193.94051106770834,25.44110620047235,0.6978944
1245,he99800,561.2037353515625,20.671400368077848,0.6556001
1246,he99801,329.47222900390625,23.26864847018045,0.7102955
1247,he99802,537.3812255859375,20.87920001013731,0.67165375
1248,he99803,490.5574544270833,21.336844903868773,0.68059516
1249,he9980,205.0528361002604,25.091163390679124,0.7144108
1250,he9981,136.29022216796875,27.19536604616117,0.73456365
1251,he99827,409.7488606770833,21.956288309227165,0.65057284
1252,he99828,292.27195231119794,23.62157392157195,0.55435526
1253,he99829,315.6598307291667,23.205999221629984,0.37951568
1254,he9982,44.24400329589844,32.15009291407422,0.7534023
1255,he99830,184.6516316731771,25.825373879835233,0.39373624
1256,he99831,186.1510009765625,25.298357398374986,0.41780242
1257,he99832,156.22256469726562,26.18154547349311,0.4115902
1258,he99833,168.1630859375,25.803760830653047,0.34297475
1259,he99834,203.4412638346354,24.969151285492647,0.27625325
1260,he9984,116.37504069010417,27.465624142988755,0.72465706
1261,he9985,154.50811767578125,26.163304818437155,0.69702244
1262,he99866,427.4770100911458,21.78536366491501,0.7020948
1263,he99867,512.4153645833334,21.073307803421287,0.69563717
1264,he99868,436.2998453776042,21.75174136230213,0.7011704
1265,he99869,503.6278483072917,21.09325353757463,0.6631298
1266,he9986,134.00760904947916,26.69176667005033,0.6955126
1267,he99870,448.12841796875,21.788239071772587,0.6798757
1268,he99871,257.1689453125,23.96675638920246,0.68570155
1269,he99894,208.050048828125,25.402843386128527,0.7231892
1270,he99895,286.9480387369792,23.401929570124093,0.5924389
1271,he99896,619.366455078125,19.92821800298527,0.5546656
1272,he99897,431.7081705729167,21.564436879808717,0.4925897
1273,he99898,287.9336751302083,23.811435351830724,0.4098167
1274,he99899,184.59857177734375,25.728785876918003,0.32138127
1275,he99900,126.85329182942708,27.065634712713184,0.28302383
1276,he99901,140.20474243164062,26.637193824991563,0.27686703
1277,he99902,217.80426025390625,24.424887053851716,0.5309315
1278,he99933,450.8260498046875,21.526767767249208,0.70757246
1279,he99934,487.269287109375,21.247642988253297,0.7336509
1280,he99935,335.365478515625,23.11331204596492,0.71536595
1281,he99936,422.1925862630208,21.941503735379047,0.6815613
1282,he99937,455.7151692708333,21.605601784789474,0.690017
1283,he99961,400.2636311848958,21.892079035946583,0.6747574
1284,he99964,31.522669474283855,33.60179290100581,0.6809949
1285,he99965,177.5135294596354,26.027466849839662,0.6315441
1286,he99966,238.6097412109375,24.353228207954565,0.5240585
1287,he99967,244.10957845052084,24.372070276916244,0.44299674
1288,he99968,154.73491414388022,26.26369467603544,0.38637754
1289,he99969,262.6505126953125,24.04343462288262,0.37129202
